"tool_name","form","handler_func","file","line","forwarded_body"
"gateway","literal-object:createGatewayTool","execute","src/agents/tools/gateway-tool.ts",72,"-"
"write","sandbox-path-wrapper","execute","src/agents/pi-tools.read.ts",257,"-"
"write","normalization-wrapper","execute","src/agents/pi-tools.read.ts",241,"-"
"read","sandbox-path-wrapper","execute","src/agents/pi-tools.read.ts",257,"-"
"read","read-wrapper","execute","src/agents/pi-tools.read.ts",290,"-"
"canvas","literal-object:createCanvasTool","execute","src/agents/tools/canvas-tool.ts",58,"-"
"message","literal-object:createMessageTool","execute","src/agents/tools/message-tool.ts",354,"-"
"image","literal-object:createImageTool","execute","src/agents/tools/image-tool.ts",338,"-"
"edit","sandbox-path-wrapper","execute","src/agents/pi-tools.read.ts",257,"-"
"edit","normalization-wrapper","execute","src/agents/pi-tools.read.ts",241,"-"
"exec","literal-object:createExecTool","execute","src/agents/bash-tools.exec.ts",832,"-"
"process","literal-object:createProcessTool","execute","src/agents/bash-tools.process.ts",61,"-"
"memory_search","literal-object:createMemorySearchTool","execute","src/agents/tools/memory-tool.ts",42,"-"
"memory_get","literal-object:createMemoryGetTool","execute","src/agents/tools/memory-tool.ts",95,"-"
"tts","literal-object:createTtsTool","execute","src/agents/tools/tts-tool.ts",26,"-"
"apply_patch","literal-object:createApplyPatchTool","execute","src/agents/apply-patch.ts",87,"-"
"nodes","literal-object:createNodesTool","execute","src/agents/tools/nodes-tool.ts",104,"-"
"web_search","literal-object:createWebSearchTool","execute","src/agents/tools/web-search.ts",483,"-"
"agents_list","literal-object:createAgentsListTool","execute","src/agents/tools/agents-list-tool.ts",31,"-"
"session_status","literal-object:createSessionStatusTool","execute","src/agents/tools/session-status-tool.ts",261,"-"
"sessions_history","literal-object:createSessionsHistoryTool","execute","src/agents/tools/sessions-history-tool.ts",56,"-"
"sessions_list","literal-object:createSessionsListTool","execute","src/agents/tools/sessions-list-tool.ts",39,"-"
"sessions_send","literal-object:createSessionsSendTool","execute","src/agents/tools/sessions-send-tool.ts",48,"-"
"sessions_spawn","literal-object:createSessionsSpawnTool","execute","src/agents/tools/sessions-spawn-tool.ts",87,"-"
"cron","literal-object:createCronTool","execute","src/agents/tools/cron-tool.ts",205,"-"
"browser","literal-object:createBrowserTool","execute","src/agents/tools/browser-tool.ts",243,"-"
"web_fetch","literal-object:createWebFetchTool","execute","src/agents/tools/web-fetch.ts",715,"-"
